{"cameraMode":{"drawMode":0,"name":"Shaded","section":"Shading Mode"},"sceneLighting":true,"audioPlay":false,"sceneViewState":{"showFog":true,"showMaterialUpdate":false,"showSkybox":true,"showFlares":true,"showImageEffects":true,"showParticleSystems":true},"in2DMode":false,"pivot":{"x":44.50932312011719,"y":-18.706375122070314,"z":53.45748519897461},"rotation":{"x":-0.02096869796514511,"y":0.905872106552124,"z":-0.045159682631492618,"w":-0.42061465978622439},"size":3.4722037315368654,"orthographic":false}