{"cameraMode":{"drawMode":0,"name":"Shaded","section":"Shading Mode"},"sceneLighting":true,"audioPlay":false,"sceneViewState":{"showFog":true,"showMaterialUpdate":false,"showSkybox":true,"showFlares":true,"showImageEffects":true,"showParticleSystems":true},"in2DMode":false,"pivot":{"x":34.08900451660156,"y":-38.82101821899414,"z":59.29733657836914},"rotation":{"x":0.2958938479423523,"y":-0.47406065464019778,"z":0.17295442521572114,"w":0.8110487461090088},"size":21.426448822021486,"orthographic":false}