{"cameraMode":{"drawMode":0,"name":"Shaded","section":"Shading Mode"},"sceneLighting":true,"audioPlay":false,"sceneViewState":{"showFog":true,"showMaterialUpdate":false,"showSkybox":true,"showFlares":true,"showImageEffects":true,"showParticleSystems":true},"in2DMode":false,"pivot":{"x":-3455.075927734375,"y":-1310.2933349609375,"z":1336.879150390625},"rotation":{"x":0.12432590872049332,"y":-0.6132703423500061,"z":0.09853626787662506,"w":0.7737785577774048},"size":5393.681640625,"orthographic":false}