{"cameraMode":{"drawMode":0,"name":"Shaded","section":"Shading Mode"},"sceneLighting":true,"audioPlay":false,"sceneViewState":{"showFog":true,"showMaterialUpdate":false,"showSkybox":true,"showFlares":true,"showImageEffects":true,"showParticleSystems":true},"in2DMode":false,"pivot":{"x":972.4119873046875,"y":-656.2053833007813,"z":14.008056640625},"rotation":{"x":0.04352348670363426,"y":-0.4328315854072571,"z":0.020926987752318383,"w":0.9001803398132324},"size":1472.4273681640625,"orthographic":false}