{"cameraMode":{"drawMode":0,"name":"Shaded","section":"Shading Mode"},"sceneLighting":true,"audioPlay":false,"sceneViewState":{"showFog":true,"showMaterialUpdate":false,"showSkybox":true,"showFlares":true,"showImageEffects":true,"showParticleSystems":true},"in2DMode":false,"pivot":{"x":-2820.969970703125,"y":8311.3203125,"z":-5113.47998046875},"rotation":{"x":0.2231391817331314,"y":-0.1634768545627594,"z":0.03799089789390564,"w":0.9602296352386475},"size":160.7621307373047,"orthographic":false}