{"cameraMode":{"drawMode":0,"name":"Shaded","section":"Shading Mode"},"sceneLighting":true,"audioPlay":false,"sceneViewState":{"showFog":true,"showMaterialUpdate":false,"showSkybox":true,"showFlares":true,"showImageEffects":true,"showParticleSystems":true},"in2DMode":false,"pivot":{"x":19.763219833374025,"y":-90.71359252929688,"z":-126.60590362548828},"rotation":{"x":0.007946725003421307,"y":-0.9838088750839233,"z":0.17326179146766663,"w":0.04513782635331154},"size":233.55416870117188,"orthographic":false}