{"cameraMode":{"drawMode":0,"name":"Shaded","section":"Shading Mode"},"sceneLighting":true,"audioPlay":false,"sceneViewState":{"showFog":true,"showMaterialUpdate":false,"showSkybox":true,"showFlares":true,"showImageEffects":true,"showParticleSystems":true},"in2DMode":false,"pivot":{"x":49.092498779296878,"y":-31.7174072265625,"z":51.918853759765628},"rotation":{"x":-0.2904556691646576,"y":-0.6830516457557678,"z":0.3455232083797455,"w":-0.5741860866546631},"size":16.25872230529785,"orthographic":false}