{"cameraMode":{"drawMode":0,"name":"Shaded","section":"Shading Mode"},"sceneLighting":true,"audioPlay":false,"sceneViewState":{"showFog":true,"showMaterialUpdate":false,"showSkybox":true,"showFlares":true,"showImageEffects":true,"showParticleSystems":true},"in2DMode":false,"pivot":{"x":45.293373107910159,"y":-22.396682739257814,"z":57.19175720214844},"rotation":{"x":-0.0901414230465889,"y":-0.03730064257979393,"z":0.003376349341124296,"w":-0.9952245354652405},"size":15.672642707824707,"orthographic":false}