{"cameraMode":{"drawMode":0,"name":"Shaded","section":"Shading Mode"},"sceneLighting":true,"audioPlay":false,"sceneViewState":{"showFog":true,"showMaterialUpdate":false,"showSkybox":true,"showFlares":true,"showImageEffects":true,"showParticleSystems":true},"in2DMode":false,"pivot":{"x":-271.528564453125,"y":657.885009765625,"z":79.87031555175781},"rotation":{"x":-0.07452744245529175,"y":0.82594895362854,"z":-0.11246255040168762,"w":-0.5473629832267761},"size":591.6304931640625,"orthographic":false}