{"cameraMode":{"drawMode":0,"name":"Shaded","section":"Shading Mode"},"sceneLighting":true,"audioPlay":false,"sceneViewState":{"showFog":true,"showMaterialUpdate":false,"showSkybox":true,"showFlares":true,"showImageEffects":true,"showParticleSystems":true},"in2DMode":false,"pivot":{"x":137.13462829589845,"y":10443.4169921875,"z":112.59386444091797},"rotation":{"x":0.1076025739312172,"y":0.18850943446159364,"z":-0.020784497261047365,"w":0.9759374260902405},"size":16.232654571533204,"orthographic":false}