{"cameraMode":{"drawMode":0,"name":"Shaded","section":"Shading Mode"},"sceneLighting":true,"audioPlay":false,"sceneViewState":{"showFog":true,"showMaterialUpdate":false,"showSkybox":true,"showFlares":true,"showImageEffects":true,"showParticleSystems":true},"in2DMode":false,"pivot":{"x":45.5931510925293,"y":-26.194049835205079,"z":52.77826690673828},"rotation":{"x":-0.10130010545253754,"y":-0.21021786332130433,"z":0.021903077140450479,"w":-0.9721455574035645},"size":5.830753326416016,"orthographic":false}