{"cameraMode":{"drawMode":0,"name":"Shaded","section":"Shading Mode"},"sceneLighting":true,"audioPlay":false,"sceneViewState":{"showFog":true,"showMaterialUpdate":false,"showSkybox":true,"showFlares":true,"showImageEffects":true,"showParticleSystems":true},"in2DMode":false,"pivot":{"x":46.83443069458008,"y":-29.23838233947754,"z":27.67360496520996},"rotation":{"x":-0.24100112915039063,"y":-0.14723114669322968,"z":0.037016142159700397,"w":-0.9585777521133423},"size":22.989999771118165,"orthographic":false}