{"cameraMode":{"drawMode":0,"name":"Shaded","section":"Shading Mode"},"sceneLighting":true,"audioPlay":false,"sceneViewState":{"showFog":true,"showMaterialUpdate":false,"showSkybox":true,"showFlares":true,"showImageEffects":true,"showParticleSystems":true},"in2DMode":false,"pivot":{"x":-378.95361328125,"y":1039.909912109375,"z":-278.70831298828127},"rotation":{"x":-0.18861089646816255,"y":0.2832568287849426,"z":-0.056920818984508517,"w":-0.9385901689529419},"size":675.4163208007813,"orthographic":false}